<?xml version="1.0" encoding="utf-8"?>
<extension version="2.5" type="plugin" group="editors-xtd" method="upgrade">
	<name>Content - Djf Append in Text</name>
	<author>David Frassi</author>
	<creationDate>22 March 2010</creationDate>
	<copyright>(C) 2010 David Frassi All rights reserved.</copyright>
	<license>http://www.gnu.org/licenses/gpl-2.0.html GNU/GPL</license>
	<authorEmail>info@davidfrassi.it</authorEmail>
	<authorUrl>http://www.davidfrassi.it</authorUrl>
	<version>1.0 beta</version>
	<description>Djf Append In Text Plugin Installed</description>
	<files >			
		<filename plugin="djfappend_intext">djfappend_intext.php</filename>			
	</files>	
</extension>